TOWNSHIP_CODE,TOWNSHIP,STATUS,UFI,UFI_CREATED
5001,ABERFELDY,ACTIVE,       10012899,2008/02/28
5002,ACHERON,ACTIVE,       10012900,2008/02/28
5003,AILSA,ACTIVE,       10012901,2008/02/28
5004,ALBACUTYA,ACTIVE,       10012902,2008/02/28
5005,ALBERTON,ACTIVE,       10012903,2008/02/28
5006,ALEXANDRA,ACTIVE,       10012904,2008/02/28
5007,ALLANS FLAT,ACTIVE,       10012905,2008/02/28
5008,ALMA,ACTIVE,       10012906,2008/02/28
5009,AMHERST,ACTIVE,       10012907,2008/02/28
5010,AMPHITHEATRE,ACTIVE,       10012908,2008/02/28
5011,ANGLESEA,ACTIVE,       10012909,2008/02/28
5012,ANNUELLO,ACTIVE,       10012910,2008/02/28
5013,ANTWERP,ACTIVE,       10012911,2008/02/28
5014,APOLLO BAY,ACTIVE,       10012912,2008/02/28
5015,APSLEY,ACTIVE,       10012913,2008/02/28
5016,ARAPILES,ACTIVE,       10012914,2008/02/28
5017,ARARAT,ACTIVE,       10012915,2008/02/28
5018,ARCHDALE,ACTIVE,       10012916,2008/02/28
5019,ARNOLD,ACTIVE,       10012917,2008/02/28
5020,ASCOT,ACTIVE,       10012918,2008/02/28
5021,AUBREY,ACTIVE,       10012919,2008/02/28
5022,AVENEL,ACTIVE,       10012920,2008/02/28
5023,AVOCA,ACTIVE,       10012921,2008/02/28
5024,AXEDALE,ACTIVE,       10012922,2008/02/28
5025,BACCHUS MARSH,ACTIVE,       10012923,2008/02/28
5026,BADDAGINNIE,ACTIVE,       10012924,2008/02/28
5027,BAIRNSDALE,ACTIVE,       10012925,2008/02/28
5028,BAKER,ACTIVE,       10012926,2008/02/28
5029,BALLAN,ACTIVE,       10012927,2008/02/28
5030,BALLARAT,ACTIVE,       10012928,2008/02/28
5031,BALLARAT EAST,ACTIVE,       10012929,2008/02/28
5032,BALLARAT NORTH,ACTIVE,       10012930,2008/02/28
5033,BALLIANG,ACTIVE,       10012931,2008/02/28
5034,BALLYROGAN,ACTIVE,       10012932,2008/02/28
5035,BALMORAL,ACTIVE,       10012933,2008/02/28
5036,BALNARRING BEACH,ACTIVE,       10012934,2008/02/28
5037,BAMBILL,ACTIVE,       10012935,2008/02/28
5038,BANGERANG,ACTIVE,       10012936,2008/02/28
5039,BANNERTON,ACTIVE,       10012937,2008/02/28
5040,BANNOCKBURN,ACTIVE,       10012938,2008/02/28
5041,BANYENA,ACTIVE,       10012939,2008/02/28
5042,BARINGHUP,ACTIVE,       10012940,2008/02/28
5043,BARKLY,ACTIVE,       10012941,2008/02/28
5044,BARKSTEAD,ACTIVE,       10012942,2008/02/28
5045,BARMAH,ACTIVE,       10012943,2008/02/28
5046,BARNAWARTHA,ACTIVE,       10012944,2008/02/28
5047,BARRAKEE,ACTIVE,       10012945,2008/02/28
5048,BARRAPOORT,ACTIVE,       10012946,2008/02/28
5049,BARRINGO,ACTIVE,       10012947,2008/02/28
5050,BARRYS REEF,ACTIVE,       10012948,2008/02/28
5051,BARWON DOWNS,ACTIVE,       10012949,2008/02/28
5052,BARWON HEADS,ACTIVE,       10012950,2008/02/28
5053,BASS,ACTIVE,       10012951,2008/02/28
5054,BATHUMI,ACTIVE,       10012952,2008/02/28
5055,BEALIBA,ACTIVE,       10012953,2008/02/28
5056,BEARII,ACTIVE,       10012954,2008/02/28
5057,BEARS LAGOON,ACTIVE,       10012955,2008/02/28
5058,BEAUFORT,ACTIVE,       10012956,2008/02/28
5059,BEAZLEYS BRIDGE,ACTIVE,       10012957,2008/02/28
5060,BEEAC,ACTIVE,       10012958,2008/02/28
5061,BEECHWORTH,ACTIVE,       10012959,2008/02/28
5062,BEENAK,ACTIVE,       10012960,2008/02/28
5063,BEETOOMBA,ACTIVE,       10012961,2008/02/28
5064,BELLBRAE,ACTIVE,       10012962,2008/02/28
5065,BEMM,ACTIVE,       10012963,2008/02/28
5066,BENALLA,ACTIVE,       10012964,2008/02/28
5067,BENAMBRA,ACTIVE,       10012965,2008/02/28
5068,BENDOC,ACTIVE,       10012966,2008/02/28
5069,BENETOOK,ACTIVE,       10012967,2008/02/28
5070,BENGWORDEN,ACTIVE,       10012968,2008/02/28
5071,BENJEROOP,ACTIVE,       10012969,2008/02/28
5072,BENNISON,ACTIVE,       10012970,2008/02/28
5073,BERRINGA,ACTIVE,       10012971,2008/02/28
5074,BERRINGAMA,ACTIVE,       10012972,2008/02/28
5075,BERRIWILLOCK,ACTIVE,       10012973,2008/02/28
5076,BERRYBANK,ACTIVE,       10012974,2008/02/28
5077,BERWICK,ACTIVE,       10012975,2008/02/28
5078,BET BET,ACTIVE,       10012976,2008/02/28
5079,BETHANGA,ACTIVE,       10012977,2008/02/28
5080,BETLEY,ACTIVE,       10012978,2008/02/28
5081,BEULAH,ACTIVE,       10012979,2008/02/28
5082,BEVERIDGE,ACTIVE,       10012980,2008/02/28
5083,BINGO-MUNJIE NORTH,ACTIVE,       10012981,2008/02/28
5084,BIRCHIP,ACTIVE,       10012982,2008/02/28
5085,BIRREGURRA,ACTIVE,       10012983,2008/02/28
5086,BLACKWARRY,ACTIVE,       10012984,2008/02/28
5087,BLACKWOOD,ACTIVE,       10012985,2008/02/28
5088,BLAKEVILLE,ACTIVE,       10012986,2008/02/28
5089,BOCCA FLAT,ACTIVE,       10012987,2008/02/28
5090,BOIGBEAT,ACTIVE,       10012988,2008/02/28
5091,BOILEAU,ACTIVE,       10012989,2008/02/28
5092,BOINKA,ACTIVE,       10012990,2008/02/28
5093,BOLTON,ACTIVE,       10012991,2008/02/28
5094,BOLWARRAH,ACTIVE,       10012992,2008/02/28
5095,BONANG,ACTIVE,       10012993,2008/02/28
5096,BONNIE DOON,ACTIVE,       10012994,2008/02/28
5097,BOOLARRA,ACTIVE,       10012995,2008/02/28
5098,BOOLITE,ACTIVE,       10012996,2008/02/28
5099,BOONOONAR,ACTIVE,       10012997,2008/02/28
5100,BOORGUNYAH,ACTIVE,       10012998,2008/02/28
5101,BOOROOPKI,ACTIVE,       10012999,2008/02/28
5102,BOORT,ACTIVE,       10013000,2008/02/28
5103,BORUNG,ACTIVE,       10013001,2008/02/28
5104,BOWENVALE,ACTIVE,       10013002,2008/02/28
5105,BRANXHOLME,ACTIVE,       10013003,2008/02/28
5106,BRAYBROOK,ACTIVE,       10013004,2008/02/28
5107,BREAMLEA,ACTIVE,       10013005,2008/02/28
5108,BRIAGOLONG,ACTIVE,       10013006,2008/02/28
5109,BRIDGEWATER,ACTIVE,       10013007,2008/02/28
5110,BRIGHT,ACTIVE,       10013008,2008/02/28
5111,BRIM,ACTIVE,       10013009,2008/02/28
5112,BRITANNIA CREEK,ACTIVE,       10013010,2008/02/28
5113,BROADFORD,ACTIVE,       10013011,2008/02/28
5114,BROADMEADOWS,ACTIVE,       10013012,2008/02/28
5115,BROMLEY,ACTIVE,       10013013,2008/02/28
5117,BROOMFIELD,ACTIVE,       10013014,2008/02/28
5118,BROUGHTON,ACTIVE,       10013015,2008/02/28
5119,BRUARONG,ACTIVE,       10013016,2008/02/28
5121,BUANGOR,ACTIVE,       10013018,2008/02/28
5125,BULLA,ACTIVE,       10013020,2008/02/28
5129,BULN BULN,ACTIVE,       10013022,2008/02/28
5131,BUNDALONG,ACTIVE,       10013023,2008/02/28
5134,BUNINYONG,ACTIVE,       10013025,2008/02/28
5138,BURWOOD,ACTIVE,       10013027,2008/02/28
5142,CALLAWADDA,ACTIVE,       10013029,2008/02/28
5145,CAMPBELLS CREEK,ACTIVE,       10013031,2008/02/28
5148,CANN RIVER,ACTIVE,       10013033,2008/02/28
5150,CARAMUT,ACTIVE,       10013034,2008/02/28
5153,CARGERIE,ACTIVE,       10013036,2008/02/28
5157,CARNGHAM,ACTIVE,       10013038,2008/02/28
5161,CASSILIS,ACTIVE,       10013040,2008/02/28
5164,CASTLE POINT,ACTIVE,       10013042,2008/02/28
5168,CHEPSTOWE,ACTIVE,       10013044,2008/02/28
5172,CHILDERS,ACTIVE,       10013046,2008/02/28
5175,CLARENDON,ACTIVE,       10013048,2008/02/28
5179,COALVILLE,ACTIVE,       10013050,2008/02/28
5181,COBRAM,ACTIVE,       10013051,2008/02/28
5185,COHUNA,ACTIVE,       10013053,2008/02/28
5189,COMOORA,ACTIVE,       10013055,2008/02/28
5192,COONOOER,ACTIVE,       10013057,2008/02/28
5195,CORACK,ACTIVE,       10013059,2008/02/28
5199,COROP,ACTIVE,       10013061,2008/02/28
5202,COWA,ACTIVE,       10013063,2008/02/28
5206,CRAIGIE,ACTIVE,       10013065,2008/02/28
5209,CREEK VIEW,ACTIVE,       10013067,2008/02/28
5213,CROSSOVER,ACTIVE,       10013069,2008/02/28
5217,CULLULLERAINE,ACTIVE,       10013071,2008/02/28
5220,DALHOUSIE,ACTIVE,       10013073,2008/02/28
5224,DARLIMURLA,ACTIVE,       10013075,2008/02/28
5228,DARRAWEIT GUIM,ACTIVE,       10013077,2008/02/28
5232,DAYLESFORD WEST,ACTIVE,       10013079,2008/02/28
5235,DENNINGTON,ACTIVE,       10013081,2008/02/28
5239,DERRINALLUM,ACTIVE,       10013083,2008/02/28
5242,DIAMOND CREEK,ACTIVE,       10013085,2008/02/28
5246,DOLLAR,ACTIVE,       10013087,2008/02/28
5250,DRIK DRIK,ACTIVE,       10013089,2008/02/28
5254,DRYSDALE,ACTIVE,       10013091,2008/02/28
5257,DUNOLLY,ACTIVE,       10013093,2008/02/28
5261,EAST CUNNINGHAME,ACTIVE,       10013095,2008/02/28
5264,ECHUCA WEST,ACTIVE,       10013097,2008/02/28
5268,EGERTON,ACTIVE,       10013099,2008/02/28
5272,ELDORADO,ACTIVE,       10013101,2008/02/28
5275,ELLERSLIE,ACTIVE,       10013103,2008/02/28
5279,ELTHAM,ACTIVE,       10013105,2008/02/28
5283,EPPING,ACTIVE,       10013107,2008/02/28
5287,EUROA,ACTIVE,       10013109,2008/02/28
5291,FERNIHURST,ACTIVE,       10013111,2008/02/28
5295,FORREST,ACTIVE,       10013113,2008/02/28
5297,FOSTERVILLE,ACTIVE,       10013115,2008/02/28
5301,FRANKSTON,ACTIVE,       10013117,2008/02/28
5304,FURNELL,ACTIVE,       10013119,2008/02/28
5308,GARIBALDI,ACTIVE,       10013121,2008/02/28
5312,GELANTIPY,ACTIVE,       10013123,2008/02/28
5313,GELLIBRAND,ACTIVE,       10013124,2008/02/28
5316,GHIN GHIN,ACTIVE,       10013126,2008/02/28
5320,GISBORNE,ACTIVE,       10013128,2008/02/28
5324,GLENLYON,ACTIVE,       10013130,2008/02/28
5325,GLENMAGGIE,ACTIVE,       10013131,2008/02/28
5329,GLEN WILLS,ACTIVE,       10013133,2008/02/28
5332,GOLDSBOROUGH,ACTIVE,       10013135,2008/02/28
5336,GOOROC,ACTIVE,       10013137,2008/02/28
5339,GOROKE,ACTIVE,       10013139,2008/02/28
5343,GOWAR EAST,ACTIVE,       10013141,2008/02/28
5348,GRANTVILLE,ACTIVE,       10013143,2008/02/28
5352,GREENDALE,ACTIVE,       10013145,2008/02/28
5355,GRE GRE,ACTIVE,       10013147,2008/02/28
5358,GRETA WEST,ACTIVE,       10013149,2008/02/28
5362,HADDON,ACTIVE,       10013151,2008/02/28
5363,HAINES,ACTIVE,       10013152,2008/02/28
5367,HARRIETVILLE,ACTIVE,       10013154,2008/02/28
5371,HAWKESDALE,ACTIVE,       10013156,2008/02/28
5373,HEATHCOTE,ACTIVE,       10013158,2008/02/28
5375,HEDLEY,ACTIVE,       10013160,2008/02/28
5377,HEPBURN,ACTIVE,       10013162,2008/02/28
5378,HEXHAM,ACTIVE,       10013163,2008/02/28
5380,HEYWOOD,ACTIVE,       10013165,2008/02/28
5382,HODDLE,ACTIVE,       10013167,2008/02/28
5384,HOMEBUSH,ACTIVE,       10013169,2008/02/28
5386,HORSHAM,ACTIVE,       10013171,2008/02/28
5388,HOWQUA,ACTIVE,       10013173,2008/02/28
5390,IGUANA CREEK,ACTIVE,       10013175,2008/02/28
5392,INVERLEIGH,ACTIVE,       10013177,2008/02/28
5394,IRREWILLIPE,ACTIVE,       10013179,2008/02/28
5395,JAMIESON,ACTIVE,       10013180,2008/02/28
5397,JARROTT,ACTIVE,       10013182,2008/02/28
5399,JERRO,ACTIVE,       10013184,2008/02/28
5400,JOHNSONVILLE,ACTIVE,       10013185,2008/02/28
5402,KALKALLO,ACTIVE,       10013187,2008/02/28
5404,KANIVA,ACTIVE,       10013189,2008/02/28
5406,KARAWINNA,ACTIVE,       10013191,2008/02/28
5408,KARNAK,ACTIVE,       10013193,2008/02/28
5410,KATAMATITE,ACTIVE,       10013195,2008/02/28
5412,KEILOR,ACTIVE,       10013197,2008/02/28
5414,KEWELL,ACTIVE,       10013199,2008/02/28
5416,KIAMAL,ACTIVE,       10013201,2008/02/28
5418,KILCUNDA,ACTIVE,       10013203,2008/02/28
5420,KILMORE,ACTIVE,       10013205,2008/02/28
5422,KINGLAKE EAST,ACTIVE,       10013207,2008/02/28
5423,KINGOWER,ACTIVE,       10013208,2008/02/28
5425,KOETONG,ACTIVE,       10013210,2008/02/28
5427,KOONDROOK,ACTIVE,       10013212,2008/02/28
5429,KOONWARRA,ACTIVE,       10013214,2008/02/28
5431,KOOYOORA,ACTIVE,       10013216,2008/02/28
5432,KOROKUBEAL,ACTIVE,       10013217,2008/02/28
5434,KORUMBURRA,ACTIVE,       10013219,2008/02/28
5436,KULWIN,ACTIVE,       10013221,2008/02/28
5438,KYABRAM,ACTIVE,       10013223,2008/02/28
5440,LAANECOORIE,ACTIVE,       10013225,2008/02/28
5442,LAH,ACTIVE,       10013227,2008/02/28
5444,LAKE BOLAC,ACTIVE,       10013229,2008/02/28
5446,LAKE ROWAN,ACTIVE,       10013231,2008/02/28
5448,LAL LAL,ACTIVE,       10013233,2008/02/28
5449,LAMPLOUGH,ACTIVE,       10013234,2008/02/28
5451,LANDSBOROUGH,ACTIVE,       10013236,2008/02/28
5453,LAUNCHING PLACE,ACTIVE,       10013238,2008/02/28
5455,LAWLOIT,ACTIVE,       10013240,2008/02/28
5459,LEONARDS HILL,ACTIVE,       10013244,2008/02/28
5461,LETHBRIDGE,ACTIVE,       10013246,2008/02/28
5463,LILLIMUR,ACTIVE,       10013248,2008/02/28
5465,LILYDALE,ACTIVE,       10013250,2008/02/28
5467,LINTON,ACTIVE,       10013252,2008/02/28
5469,LITTLE RIVER,ACTIVE,       10013254,2008/02/28
5471,LOCKINGTON,ACTIVE,       10013256,2008/02/28
5473,LOCKWOOD,ACTIVE,       10013258,2008/02/28
5476,LONGWARRY,ACTIVE,       10013261,2008/02/28
5478,LORNE,ACTIVE,       10013263,2008/02/28
5480,LOWER EMU,ACTIVE,       10013265,2008/02/28
5482,LUBECK,ACTIVE,       10013267,2008/02/28
5484,LYONS,ACTIVE,       10013269,2008/02/28
5486,MACARTHUR,ACTIVE,       10013271,2008/02/28
5488,MACKINNONS BRIDGE,ACTIVE,       10013273,2008/02/28
5491,MAINDAMPLE,ACTIVE,       10013276,2008/02/28
5497,MANDURANG,ACTIVE,       10013279,2008/02/28
5498,MANGALORE,ACTIVE,       10013280,2008/02/28
5502,MARIBYRNONG,ACTIVE,       10013282,2008/02/28
5506,MAROONA,ACTIVE,       10013284,2008/02/28
5510,MATHIESONS,ACTIVE,       10013286,2008/02/28
5514,MELBOURNE (CITY),ACTIVE,       10013288,2008/02/28
5522,MERRIJIG,ACTIVE,       10013292,2008/02/28
5525,METCALFE,ACTIVE,       10013294,2008/02/28
5530,MILLTOWN,ACTIVE,       10013296,2008/02/28
5533,MINYIP,ACTIVE,       10013298,2008/02/28
5537,MIRBOO NORTH,ACTIVE,       10013300,2008/02/28
5540,MITTYACK,ACTIVE,       10013302,2008/02/28
5544,MOLIAGUL,ACTIVE,       10013304,2008/02/28
5551,MORNINGTON,ACTIVE,       10013308,2008/02/28
5555,MOSSIFACE,ACTIVE,       10013310,2008/02/28
5559,MUMBANNAR,ACTIVE,       10013312,2008/02/28
5562,MURRABIT,ACTIVE,       10013314,2008/02/28
5565,MURRUNGOWAR,ACTIVE,       10013316,2008/02/28
5569,MYSTIC PARK,ACTIVE,       10013318,2008/02/28
5573,NAPOLEONS,ACTIVE,       10013320,2008/02/28
5580,NATYA,ACTIVE,       10013324,2008/02/28
5584,NELSON,ACTIVE,       10013326,2008/02/28
5587,NEUARPUR,ACTIVE,       10013328,2008/02/28
5591,NEWLYN NORTH,ACTIVE,       10013330,2008/02/28
5595,NHILL,ACTIVE,       10013332,2008/02/28
5597,NI NI,ACTIVE,       10013333,2008/02/28
5600,NOOJEE,ACTIVE,       10013335,2008/02/28
5604,NOWA NOWA,ACTIVE,       10013337,2008/02/28
5610,NURRABIEL,ACTIVE,       10013341,2008/02/28
5614,OAKLEIGH,ACTIVE,       10013343,2008/02/28
5618,ORBOST,ACTIVE,       10013345,2008/02/28
5623,PAKENHAM,ACTIVE,       10013347,2008/02/28
5627,PAYNESVILLE,ACTIVE,       10013349,2008/02/28
5630,PERCYDALE,ACTIVE,       10013351,2008/02/28
5633,PIANGIL,ACTIVE,       10013353,2008/02/28
5639,PIRLTA,ACTIVE,       10013356,2008/02/28
5642,PITFIELD PLAINS,ACTIVE,       10013358,2008/02/28
5646,PORT ALBERT,ACTIVE,       10013360,2008/02/28
5649,PORT FAIRY,ACTIVE,       10013362,2008/02/28
5652,PORT WELSHPOOL,ACTIVE,       10013364,2008/02/28
5654,PRINCETOWN,ACTIVE,       10013365,2008/02/28
5661,QUEENSCLIFF,ACTIVE,       10013369,2008/02/28
5665,RAVENSWOOD,ACTIVE,       10013371,2008/02/28
5668,REDBANK,ACTIVE,       10013373,2008/02/28
5672,REEDY CREEK,ACTIVE,       10013375,2008/02/28
5675,RIDDELL,ACTIVE,       10013377,2008/02/28
5679,ROKEBY,ACTIVE,       10013379,2008/02/28
5683,ROSEDALE,ACTIVE,       10013381,2008/02/28
5690,RUTHERGLEN,ACTIVE,       10013385,2008/02/28
5694,ST LEONARDS,ACTIVE,       10013387,2008/02/28
5696,SALISBURY,ACTIVE,       10013388,2008/02/28
5700,SARSFIELD,ACTIVE,       10013390,2008/02/28
5703,SEA LAKE,ACTIVE,       10013392,2008/02/28
5707,SEBASTOPOL,ACTIVE,       10013394,2008/02/28
5710,SEVILLE,ACTIVE,       10013396,2008/02/28
5718,SKYE,ACTIVE,       10013400,2008/02/28
5720,SMITHS GULLY,ACTIVE,       10013401,2008/02/28
5723,SOUTH BANNOCKBURN,ACTIVE,       10013403,2008/02/28
5728,STANHOPE,ACTIVE,       10013406,2008/02/28
5729,STANLEY,ACTIVE,       10013407,2008/02/28
5733,STOCKYARD HILL,ACTIVE,       10013409,2008/02/28
5737,STRATHALLAN,ACTIVE,       10013411,2008/02/28
5743,SUGGAN BUGGAN,ACTIVE,       10013415,2008/02/28
5744,SUNBURY,ACTIVE,       10013416,2008/02/28
5746,SUTTON GRANGE,ACTIVE,       10013418,2008/02/28
5748,SWANPOOL,ACTIVE,       10013420,2008/02/28
5750,SWIFTS CREEK,ACTIVE,       10013422,2008/02/28
5752,TABBARA,ACTIVE,       10013424,2008/02/28
5754,TAHARA,ACTIVE,       10013426,2008/02/28
5756,TALLANGALLOOK,ACTIVE,       10013428,2008/02/28
5758,TALLANGATTA VALLEY,ACTIVE,       10013430,2008/02/28
5761,TAMBOON SOUTH,ACTIVE,       10013433,2008/02/28
5763,TARILTA,ACTIVE,       10013435,2008/02/28
5765,TARNAGULLA,ACTIVE,       10013437,2008/02/28
5767,TARRAVILLE,ACTIVE,       10013439,2008/02/28
5769,TARWIN,ACTIVE,       10013441,2008/02/28
5771,TATONG,ACTIVE,       10013443,2008/02/28
5772,TATONGA,ACTIVE,       10013444,2008/02/28
5776,TEMPLESTOWE,ACTIVE,       10013448,2008/02/28
5777,TEMPY,ACTIVE,       10013449,2008/02/28
5778,TERANG,ACTIVE,       10013450,2008/02/28
5779,TERRICK TERRICK,ACTIVE,       10013451,2008/02/28
5780,TERRICK TERRICK SOUTH,ACTIVE,       10013452,2008/02/28
5781,THE GAP,ACTIVE,       10013453,2008/02/28
5782,THOONA,ACTIVE,       10013454,2008/02/28
5783,TIMBOON,ACTIVE,       10013455,2008/02/28
5785,TOLMIE,ACTIVE,       10013457,2008/02/28
5786,TONGALA,ACTIVE,       10013458,2008/02/28
5787,TONGIO-MUNJIE,ACTIVE,       10013459,2008/02/28
5788,TONGIO WEST,ACTIVE,       10013460,2008/02/28
5789,TOOLAMBA,ACTIVE,       10013461,2008/02/28
5790,TOOLANGI,ACTIVE,       10013462,2008/02/28
5792,TOOLLEEN,ACTIVE,       10013464,2008/02/28
5793,TOOLONDO,ACTIVE,       10013465,2008/02/28
5794,TOOMBON,ACTIVE,       10013466,2008/02/28
5795,TOONGABBIE,ACTIVE,       10013467,2008/02/28
5796,TORQUAY,ACTIVE,       10013468,2008/02/28
5797,TORRITA,ACTIVE,       10013469,2008/02/28
5798,TOWANINNY,ACTIVE,       10013470,2008/02/28
5799,TOWONG,ACTIVE,       10013471,2008/02/28
5801,TRARALGON,ACTIVE,       10013473,2008/02/28
5802,TRENTHAM,ACTIVE,       10013474,2008/02/28
5803,TRINITA,RESCINDED,       10013475,2008/02/28
5804,TUNGAMAH,ACTIVE,       10013476,2008/02/28
5805,TUNSTALS,ACTIVE,       10013477,2008/02/28
5806,TUTYE,ACTIVE,       10013478,2008/02/28
5807,TYAAK,ACTIVE,       10013479,2008/02/28
5808,TYERS,ACTIVE,       10013480,2008/02/28
5810,TYNONG,ACTIVE,       10013482,2008/02/28
5811,TYRENDARRA,ACTIVE,       10013483,2008/02/28
5812,UNDERBOOL,ACTIVE,       10013484,2008/02/28
5813,VAUGHAN,ACTIVE,       10013485,2008/02/28
5814,VENTNOR,ACTIVE,       10013486,2008/02/28
5815,VIOLET TOWN,ACTIVE,       10013487,2008/02/28
5816,WAAIA,ACTIVE,       10013488,2008/02/28
5817,WAANYARRA,ACTIVE,       10013489,2008/02/28
5818,WAIL,ACTIVE,       10013490,2008/02/28
5819,WALHALLA,ACTIVE,       10013491,2008/02/28
5820,WALKERVILLE,ACTIVE,       10013492,2008/02/28
5821,WALLACE,ACTIVE,       10013493,2008/02/28
5822,WALLAN,ACTIVE,       10013494,2008/02/28
5823,WALMER,ACTIVE,       10013495,2008/02/28
5824,WALPEUP,ACTIVE,       10013496,2008/02/28
5825,WAL WAL,ACTIVE,       10013497,2008/02/28
5826,WANDILIGONG,ACTIVE,       10013498,2008/02/28
5827,WANDIN YALLOCK,ACTIVE,       10013499,2008/02/28
5828,WANDO VALE,ACTIVE,       10013500,2008/02/28
5829,WANGARATTA,ACTIVE,       10013501,2008/02/28
5830,WANNON,ACTIVE,       10013502,2008/02/28
5831,WARBURTON,ACTIVE,       10013503,2008/02/28
5832,WAREEK,ACTIVE,       10013504,2008/02/28
5833,WARNEET,ACTIVE,       10013505,2008/02/28
5834,WARRACKNABEAL,ACTIVE,       10013506,2008/02/28
5835,WARRAGUL,ACTIVE,       10013507,2008/02/28
5836,WARRAK,ACTIVE,       10013508,2008/02/28
5837,WARRANDYTE,ACTIVE,       10013509,2008/02/28
5838,WARRANDYTE NORTH,ACTIVE,       10013510,2008/02/28
5839,WARRAYURE,ACTIVE,       10013511,2008/02/28
5840,WARRENHEIP,ACTIVE,       10013512,2008/02/28
5841,WARRNAMBOOL,ACTIVE,       10013513,2008/02/28
5842,WATCHEM,ACTIVE,       10013514,2008/02/28
5843,WAUBRA,ACTIVE,       10013515,2008/02/28
5844,WAYGARA,ACTIVE,       10013516,2008/02/28
5845,WEDDERBURN,ACTIVE,       10013517,2008/02/28
5846,WEHLA,ACTIVE,       10013518,2008/02/28
5847,WERRIBEE,ACTIVE,       10013519,2008/02/28
5848,WERRIMULL,ACTIVE,       10013520,2008/02/28
5849,WESBURN,ACTIVE,       10013521,2008/02/28
5850,WESTBURY,ACTIVE,       10013522,2008/02/28
5851,WESTMERE,ACTIVE,       10013523,2008/02/28
5852,WHARPARILLA NORTH,ACTIVE,       10013524,2008/02/28
5853,WHISKEY CREEK,ACTIVE,       10013525,2008/02/28
5854,WHITE HILLS,ACTIVE,       10013526,2008/02/28
5855,WHITTLESEA,ACTIVE,       10013527,2008/02/28
5856,WHOROULY,ACTIVE,       10013528,2008/02/28
5857,WHROO,ACTIVE,       10013529,2008/02/28
5858,WICKLIFFE,ACTIVE,       10013530,2008/02/28
5859,WILBY,ACTIVE,       10013531,2008/02/28
5860,WILLENABRINA,ACTIVE,       10013532,2008/02/28
5861,WILLIAMSTOWN,ACTIVE,       10013533,2008/02/28
5862,WILLOW GROVE,ACTIVE,       10013534,2008/02/28
5863,WILLUNG,ACTIVE,       10013535,2008/02/28
5864,WINCHELSEA,ACTIVE,       10013536,2008/02/28
5865,WINGEEL,ACTIVE,       10013537,2008/02/28
5866,WINSLOW,ACTIVE,       10013538,2008/02/28
5867,WINTON,ACTIVE,       10013539,2008/02/28
5868,WINYAR,ACTIVE,       10013540,2008/02/28
5869,WODONGA,ACTIVE,       10013541,2008/02/28
5870,WOMBELANO,ACTIVE,       10013542,2008/02/28
5871,WONTHAGGI,ACTIVE,       10013543,2008/02/28
5872,WONWONDAH EAST,ACTIVE,       10013544,2008/02/28
5873,WONWONDAH NORTH,ACTIVE,       10013545,2008/02/28
5874,WOODEND,ACTIVE,       10013546,2008/02/28
5875,WOODFORD,ACTIVE,       10013547,2008/02/28
5876,WOODSIDE,ACTIVE,       10013548,2008/02/28
5877,WOODSIDE NORTH,ACTIVE,       10013549,2008/02/28
5878,WOODS POINT,ACTIVE,       10013550,2008/02/28
5879,WOOD WOOD,ACTIVE,       10013551,2008/02/28
5880,WOOLAMAI,ACTIVE,       10013552,2008/02/28
5881,WOOLSTHORPE,ACTIVE,       10013553,2008/02/28
5882,WOOMELANG,ACTIVE,       10013554,2008/02/28
5883,WOORINEN SOUTH,ACTIVE,       10013555,2008/02/28
5884,WOORNDOO,ACTIVE,       10013556,2008/02/28
5885,WOOROONOOK,ACTIVE,       10013557,2008/02/28
5886,WUNGHNU,ACTIVE,       10013558,2008/02/28
5887,WURDI BOLUC,ACTIVE,       10013559,2008/02/28
5888,WURRUK,ACTIVE,       10013560,2008/02/28
5889,WYCHEPROOF,ACTIVE,       10013561,2008/02/28
5890,WYELANGTA,ACTIVE,       10013562,2008/02/28
5891,WYUNA,ACTIVE,       10013563,2008/02/28
5892,YAAPEET,ACTIVE,       10013564,2008/02/28
5893,YACKANDANDAH,ACTIVE,       10013565,2008/02/28
5895,YANAC SOUTH,ACTIVE,       10013567,2008/02/28
5897,YARCK,ACTIVE,       10013569,2008/02/28
5899,YARRA JUNCTION,ACTIVE,       10013571,2008/02/28
5901,YARRAWONGA,ACTIVE,       10013573,2008/02/28
5903,YATPOOL,ACTIVE,       10013575,2008/02/28
5906,YELTA,ACTIVE,       10013578,2008/02/28
5907,YENDON,ACTIVE,       10013579,2008/02/28
5909,YUPPECKIAR,ACTIVE,       10013581,2008/02/28
2042A,"RAYMOND ISLAND, AT : PARISH OF BAIRNSDALE",ACTIVE,       10013583,2008/02/28
2209A,"HAWTHORN, AT : PARISH OF BOROONDARA",ACTIVE,       10013584,2008/02/28
2287A,"SCOTCHMANS, AT : PARISH OF BUNINYONG",ACTIVE,       10013585,2008/02/28
2478B,"FOOTSCRAY, CITY OF : AT YARRAVILLE : PARISH OF CUT-PAW-PAW",ACTIVE,       10013587,2008/02/28
2478C,"WEST FOOTSCRAY, AT : PARISH OF CUT-PAW-PAW",ACTIVE,       10013588,2008/02/28
2478D,"YARRAVILLE, AT : PARISH OF CUT-PAW-PAW",ACTIVE,       10013589,2008/02/28
2541B,"ESSENDON, CITY OF : PARISH OF DOUTTA GALLA",ACTIVE,       10013591,2008/02/28
2541C,"HAWSTEAD, AT : PARISH OF DOUTTA GALLA",ACTIVE,       10013592,2008/02/28
2796A,"BRUNSWICK, CITY OF : PARISH OF JIKA JIKA",ACTIVE,       10013593,2008/02/28
2796B,"CARLTON, AT : PARISH OF JIKA JIKA",ACTIVE,       10013594,2008/02/28
2796D,"NORTHCOTE, CITY OF : PARISH OF JIKA JIKA",ACTIVE,       10013596,2008/02/28
2796E,"NORTH FITZROY, AT : PARISH OF JIKA JIKA",ACTIVE,       10013597,2008/02/28
2796F,"NORTH MELBOURNE, AT : PARISH OF JIKA JIKA",ACTIVE,       10013598,2008/02/28
2796G,"PARKVILLE, AT : PARISH OF JIKA JIKA",ACTIVE,       10013599,2008/02/28
2796H,"RICHMOND, CITY OF : PARISH OF JIKA JIKA",ACTIVE,       10013600,2008/02/28
2796K,"ROYAL PARK, WEST OF : PARISH OF JIKA JIKA",ACTIVE,       10013602,2008/02/28
2850A,"KATANDRA WEST, AT: PARISH OF KATANDRA",ACTIVE,       10013603,2008/02/28
3084A,"ELWOOD, AT : PARISH OF MELBOURNE SOUTH",ACTIVE,       10013604,2008/02/28
3084C,"SAINT KILDA, AT : PARISH OF MELBOURNE SOUTH",ACTIVE,       10013606,2008/02/28
3084D,"SOUTH MELBOURNE, CITY OF : PARISH OF MELBOURNE SOUTH",ACTIVE,       10013607,2008/02/28
3084E,"SOUTH YARRA, AT : PARISH OF MELBOURNE SOUTH",ACTIVE,       10013608,2008/02/28
3102A,"RED CLIFFS, AT : PARISH OF MILDURA",ACTIVE,       10013609,2008/02/28
3301A,"EAGLEHAWK, AT : PARISH OF NERRING",ACTIVE,       10013611,2008/02/28
3337A,"BOX HILL, AT : PARISH OF NUNAWADING",ACTIVE,       10013612,2008/02/28
3380A,"QUEENSCLIFF, AT : PARISH OF PAYWIT",ACTIVE,       10013613,2008/02/28
3416A,"CAULFIELD, AT : PARISH OF PRAHRAN",ACTIVE,       10013615,2008/02/28
3416B,"ELSTERNWICK, EAST OF : PARISH OF PRAHRAN",ACTIVE,       10013616,2008/02/28
3416C,"ELWOOD, AT : PARISH OF PRAHRAN",ACTIVE,       10013617,2008/02/28
3416D,"ELSTERNWICK, AT : PARISH OF PRAHRAN",ACTIVE,       10013618,2008/02/28
3473A,"BENDIGO, AT : PARISH OF SANDHURST",ACTIVE,       10013620,2008/02/28
3473B,"EAGLEHAWK, AT : PARISH OF SANDHURST",ACTIVE,       10013621,2008/02/28
5514A,"EAST MELBOURNE, AT : CITY OF MELBOURNE",ACTIVE,       10013623,2008/02/28
5514D,"CITY OF MELBOURNE, PARISH OF MELBOURNE SOUTH",ACTIVE,       10013624,2008/02/28
5122,BUCHAN,ACTIVE,       10013625,2008/02/28
5126,BULLARTO,ACTIVE,       10013627,2008/02/28
5130,BUNBARTHA,ACTIVE,       10013629,2008/02/28
5132,BUNG BONG,ACTIVE,       10013630,2008/02/28
5139,BUSHFIELD,ACTIVE,       10013633,2008/02/28
5141,BYADUK NORTH,ACTIVE,       10013634,2008/02/28
5147,CAMPERDOWN,ACTIVE,       10013636,2008/02/28
5151,CARAPOOEE,ACTIVE,       10013638,2008/02/28
5156,CARLYLE,ACTIVE,       10013640,2008/02/28
5160,CASHEL,ACTIVE,       10013642,2008/02/28
5162,CASTERTON,ACTIVE,       10013643,2008/02/28
5167,CHATSWORTH,ACTIVE,       10013645,2008/02/28
5171,CHETWYND,ACTIVE,       10013647,2008/02/28
5176,CLEAR LAKE,ACTIVE,       10013649,2008/02/28
5180,COBDEN,ACTIVE,       10013651,2008/02/28
5184,COCKATOO,ACTIVE,       10013653,2008/02/28
5188,COLERAINE,ACTIVE,       10013655,2008/02/28
5193,COOPERS CREEK,ACTIVE,       10013657,2008/02/28
5198,CORINELLA,ACTIVE,       10013659,2008/02/28
5203,COWANGIE,ACTIVE,       10013661,2008/02/28
5205,COWWARR,ACTIVE,       10013662,2008/02/28
5210,CRESSY,ACTIVE,       10013664,2008/02/28
5214,CROWLANDS,ACTIVE,       10013666,2008/02/28
5218,CUNNINGHAME,ACTIVE,       10013668,2008/02/28
5223,DARGO,ACTIVE,       10013670,2008/02/28
5227,DARNUM,ACTIVE,       10013672,2008/02/28
5231,DAYLESFORD,ACTIVE,       10013674,2008/02/28
5234,DEDERANG,ACTIVE,       10013675,2008/02/28
5238,DERGHOLM,ACTIVE,       10013677,2008/02/28
5243,DIAPUR,ACTIVE,       10013679,2008/02/28
5247,DONALD,ACTIVE,       10013681,2008/02/28
5251,DROMANA,ACTIVE,       10013683,2008/02/28
5256,DUNKELD,ACTIVE,       10013685,2008/02/28
5259,DURHAM LEAD,ACTIVE,       10013687,2008/02/28
5265,EDDINGTON,ACTIVE,       10013689,2008/02/28
5267,EDI,ACTIVE,       10013690,2008/02/28
5271,ELAINE NORTH,ACTIVE,       10013692,2008/02/28
5277,ELMORE,ACTIVE,       10013694,2008/02/28
5281,EMU,ACTIVE,       10013696,2008/02/28
5282,ENSAY,ACTIVE,       10013697,2008/02/28
5286,EURACK,ACTIVE,       10013699,2008/02/28
5290,FERNBANK,ACTIVE,       10013701,2008/02/28
5294,FLYNNS CREEK UPPER,ACTIVE,       10013703,2008/02/28
5300,FRANKLINFORD,ACTIVE,       10013705,2008/02/28
5305,FYANSFORD,ACTIVE,       10013707,2008/02/28
5309,GARVOC,ACTIVE,       10013709,2008/02/28
5314,GERANGAMETE,ACTIVE,       10013711,2008/02/28
5317,GIFFARD,ACTIVE,       10013712,2008/02/28
5321,GLANVILLE,ACTIVE,       10013714,2008/02/28
5326,GLENORCHY,ACTIVE,       10013716,2008/02/28
5331,GOLDEN LAKE,ACTIVE,       10013718,2008/02/28
5335,GOORNONG,ACTIVE,       10013720,2008/02/28
5340,GOSCHEN,ACTIVE,       10013722,2008/02/28
5344,GOYURA,ACTIVE,       10013724,2008/02/28
5347,GRANTON,ACTIVE,       10013726,2008/02/28
5351,GREAT WESTERN,ACTIVE,       10013728,2008/02/28
5357,GRETA,ACTIVE,       10013730,2008/02/28
5361,GUNYAH GUNYAH,ACTIVE,       10013732,2008/02/28
5364,HAMILTON,ACTIVE,       10013733,2008/02/28
5368,HARROW,ACTIVE,       10013735,2008/02/28
5492,MAJORCA,ACTIVE,       10013737,2008/02/28
5496,MANANGATANG,ACTIVE,       10013739,2008/02/28
5501,MARENGO,ACTIVE,       10013741,2008/02/28
5505,MARONG,ACTIVE,       10013743,2008/02/28
5509,MARYSVILLE,ACTIVE,       10013745,2008/02/28
5513,MEENIYAN,ACTIVE,       10013747,2008/02/28
5517,MEREDITH,ACTIVE,       10013749,2008/02/28
5521,MERRICKS,ACTIVE,       10013751,2008/02/28
5526,METUNG,ACTIVE,       10013753,2008/02/28
5529,MIEPOLL,ACTIVE,       10013755,2008/02/28
5534,MIRALIE,ACTIVE,       10013757,2008/02/28
5538,MITCHELLSTOWN,ACTIVE,       10013759,2008/02/28
5543,MOLESWORTH,ACTIVE,       10013761,2008/02/28
5548,MOORILIM,ACTIVE,       10013763,2008/02/28
5552,MORRISONS,ACTIVE,       10013765,2008/02/28
5556,MOYSTON,ACTIVE,       10013767,2008/02/28
5561,MURCHISON,ACTIVE,       10013769,2008/02/28
5563,MURRA WARRA,ACTIVE,       10013770,2008/02/28
5568,MYRTLEFORD,ACTIVE,       10013772,2008/02/28
5572,NANDALY,ACTIVE,       10013774,2008/02/28
5577,NATHALIA,ACTIVE,       10013776,2008/02/28
5582,NEERIM,ACTIVE,       10013778,2008/02/28
5586,NETHERBY,ACTIVE,       10013780,2008/02/28
5593,NEWRY,ACTIVE,       10013783,2008/02/28
5596,NILMA,ACTIVE,       10013785,2008/02/28
5601,NORADJUHA,ACTIVE,       10013787,2008/02/28
5607,NUMURKAH,ACTIVE,       10013789,2008/02/28
5609,NUNTIN,ACTIVE,       10013790,2008/02/28
5613,NYORA,ACTIVE,       10013792,2008/02/28
5617,OMEO,ACTIVE,       10013794,2008/02/28
5621,OUYEN,ACTIVE,       10013796,2008/02/28
5629,PENSHURST,ACTIVE,       10013800,2008/02/28
5634,PIER-MILLAN,ACTIVE,       10013802,2008/02/28
5636,PIMPINIO,ACTIVE,       10013803,2008/02/28
5640,PIRRON YALLOCK,ACTIVE,       10013805,2008/02/28
5645,POREPUNKAH,ACTIVE,       10013807,2008/02/28
5651,PORTLAND,ACTIVE,       10013809,2008/02/28
5655,PULLUT,ACTIVE,       10013811,2008/02/28
5664,RAINBOW,ACTIVE,       10013815,2008/02/28
5666,RAYMOND ISLAND,ACTIVE,       10013816,2008/02/28
5671,RED HILL SOUTH,ACTIVE,       10013818,2008/02/28
5676,RINGWOOD,ACTIVE,       10013820,2008/02/28
5681,ROMSEY,ACTIVE,       10013822,2008/02/28
5684,ROSSBRIDGE,ACTIVE,       10013824,2008/02/28
5689,RUSHWORTH,ACTIVE,       10013826,2008/02/28
5693,ST CLAIR,ACTIVE,       10013828,2008/02/28
5704,SEASPRAY,ACTIVE,       10013833,2008/02/28
5706,SEBASTIAN,ACTIVE,       10013834,2008/02/28
5711,SEYMOUR,ACTIVE,       10013836,2008/02/28
5715,SHOREHAM,ACTIVE,       10013838,2008/02/28
5719,SMEATON,ACTIVE,       10013840,2008/02/28
5724,SOUTH MUCKLEFORD,ACTIVE,       10013842,2008/02/28
5730,STAWELL,ACTIVE,       10013844,2008/02/28
5736,STRATFORD,ACTIVE,       10013847,2008/02/28
5741,STREATHAM,ACTIVE,       10013849,2008/02/28
9999,NOT APPLICABLE,ACTIVE,       10013851,2008/02/28
5514B,"WEST MELBOURNE, AT : CITY OF MELBOURNE",ACTIVE,       10013852,2008/02/28
5120,BRUTHEN,ACTIVE,       10013017,2008/02/28
5123,BUCKRABANYULE,ACTIVE,       10013019,2008/02/28
5127,BULLARTO SOUTH,ACTIVE,       10013021,2008/02/28
5133,BUNGEET,ACTIVE,       10013024,2008/02/28
5140,BYADUK,ACTIVE,       10013028,2008/02/28
5143,CALLIGNEE,ACTIVE,       10013030,2008/02/28
5146,CAMPBELLTOWN,ACTIVE,       10013032,2008/02/28
5152,CARAPOOK,ACTIVE,       10013035,2008/02/28
5155,CARLSRUHE,ACTIVE,       10013037,2008/02/28
5159,CARWARP,ACTIVE,       10013039,2008/02/28
5163,CASTLEMAINE,ACTIVE,       10013041,2008/02/28
5166,CHARLTON,ACTIVE,       10013043,2008/02/28
5173,CHILTERN,ACTIVE,       10013047,2008/02/28
5177,CLUB TERRACE,ACTIVE,       10013049,2008/02/28
5183,COCAMBA,ACTIVE,       10013052,2008/02/28
5187,COLBINABBIN,ACTIVE,       10013054,2008/02/28
5191,COOMA,ACTIVE,       10013056,2008/02/28
5194,COPE COPE,ACTIVE,       10013058,2008/02/28
5197,CORINDHAP,ACTIVE,       10013060,2008/02/28
5204,COWES,ACTIVE,       10013064,2008/02/28
5208,CRAVENSVILLE,ACTIVE,       10013066,2008/02/28
5211,CRESWICK,ACTIVE,       10013068,2008/02/28
5215,CUDGEE,ACTIVE,       10013070,2008/02/28
5219,CURYO,ACTIVE,       10013072,2008/02/28
5222,DANYO,ACTIVE,       10013074,2008/02/28
5226,DARLINGTON,ACTIVE,       10013076,2008/02/28
5233,DEDDICK,ACTIVE,       10013080,2008/02/28
5237,DEREEL,ACTIVE,       10013082,2008/02/28
5241,DEVON,ACTIVE,       10013084,2008/02/28
5244,DIGBY,ACTIVE,       10013086,2008/02/28
5248,DOOEN,ACTIVE,       10013088,2008/02/28
5252,DROUIN,ACTIVE,       10013090,2008/02/28
5255,DUNBULBALANE,ACTIVE,       10013092,2008/02/28
5260,DURHAM OX,ACTIVE,       10013094,2008/02/28
5266,EDENHOPE,ACTIVE,       10013098,2008/02/28
5270,ELAINE,ACTIVE,       10013100,2008/02/28
5274,ELLAM,ACTIVE,       10013102,2008/02/28
5276,ELMHURST,ACTIVE,       10013104,2008/02/28
5280,EMERALD,ACTIVE,       10013106,2008/02/28
5285,ESKDALE,ACTIVE,       10013108,2008/02/28
5293,FLYNN,ACTIVE,       10013112,2008/02/28
5296,FOSTER,ACTIVE,       10013114,2008/02/28
5299,FRAMLINGHAM,ACTIVE,       10013116,2008/02/28
5302,FREEBURGH,ACTIVE,       10013118,2008/02/28
5306,GALAH,ACTIVE,       10013120,2008/02/28
5310,GAVAN DUFFY,ACTIVE,       10013122,2008/02/28
5315,GERANG GERUNG,ACTIVE,       10013125,2008/02/28
5322,GLEN DART,RESCINDED,       10013129,2008/02/28
5327,GLENROWEN,ACTIVE,       10013132,2008/02/28
5330,GOBUR,ACTIVE,       10013134,2008/02/28
5334,GOORAMADDA,ACTIVE,       10013136,2008/02/28
5337,GORDON,ACTIVE,       10013138,2008/02/28
5341,GOULD,ACTIVE,       10013140,2008/02/28
5345,GRANITE FLAT,ACTIVE,       10013142,2008/02/28
5350,GRAYTOWN,ACTIVE,       10013144,2008/02/28
5356,GRENVILLE,ACTIVE,       10013148,2008/02/28
5360,GUNBOWER,ACTIVE,       10013150,2008/02/28
5365,HAPPY VALLEY,ACTIVE,       10013153,2008/02/28
5369,HASTINGS,ACTIVE,       10013155,2008/02/28
5372,HEALESVILLE,ACTIVE,       10013157,2008/02/28
5374,HEATHERLIE,ACTIVE,       10013159,2008/02/28
5376,HEIDELBERG,ACTIVE,       10013161,2008/02/28
5379,HEYFIELD,ACTIVE,       10013164,2008/02/28
5383,HOLLINWOOD,ACTIVE,       10013168,2008/02/28
5385,HOPETOUN,ACTIVE,       10013170,2008/02/28
5387,HOTSPUR,ACTIVE,       10013172,2008/02/28
5389,HUNTLY,ACTIVE,       10013174,2008/02/28
5391,INGLEWOOD,ACTIVE,       10013176,2008/02/28
5393,INVERLOCH,ACTIVE,       10013178,2008/02/28
5396,JAM JERRUP,ACTIVE,       10013181,2008/02/28
5398,JEERALANG JUNCTION,ACTIVE,       10013183,2008/02/28
5401,KALIMNA,ACTIVE,       10013186,2008/02/28
5405,KARABEAL,ACTIVE,       10013190,2008/02/28
5407,KARDELLA,ACTIVE,       10013192,2008/02/28
5409,KARWEEN,ACTIVE,       10013194,2008/02/28
5411,KATANDRA,ACTIVE,       10013196,2008/02/28
5413,KERANG,ACTIVE,       10013198,2008/02/28
5415,KIALLA WEST,ACTIVE,       10013200,2008/02/28
5417,KIATA,ACTIVE,       10013202,2008/02/28
5419,KILMANY,ACTIVE,       10013204,2008/02/28
5424,KIRKSTALL,ACTIVE,       10013209,2008/02/28
5426,KOOLOONONG,ACTIVE,       10013211,2008/02/28
5428,KOONOOMOO,ACTIVE,       10013213,2008/02/28
5430,KOOROOMAN,ACTIVE,       10013215,2008/02/28
5433,KORONG VALE,ACTIVE,       10013218,2008/02/28
5435,KOYUGA,ACTIVE,       10013220,2008/02/28
5437,KURRACA,ACTIVE,       10013222,2008/02/28
5439,KYNETON,ACTIVE,       10013224,2008/02/28
5441,LAANG,ACTIVE,       10013226,2008/02/28
5443,LAKE BOGA,ACTIVE,       10013228,2008/02/28
5447,LAKES ENTRANCE,ACTIVE,       10013232,2008/02/28
5450,LANCEFIELD,ACTIVE,       10013235,2008/02/28
5452,LARA,ACTIVE,       10013237,2008/02/28
5454,LAURISTON,ACTIVE,       10013239,2008/02/28
5456,LAWRENCE,ACTIVE,       10013241,2008/02/28
5458,LEICHARDT,ACTIVE,       10013243,2008/02/28
5460,LEONGATHA,ACTIVE,       10013245,2008/02/28
5462,LEXTON,ACTIVE,       10013247,2008/02/28
5464,LILLIMUR SOUTH,ACTIVE,       10013249,2008/02/28
5466,LINGA,ACTIVE,       10013251,2008/02/28
5468,LISMORE,ACTIVE,       10013253,2008/02/28
5470,LLANELLY,ACTIVE,       10013255,2008/02/28
5472,LOCKSLEY,ACTIVE,       10013257,2008/02/28
5474,LONGERENONG,ACTIVE,       10013259,2008/02/28
5477,LONGWOOD,ACTIVE,       10013262,2008/02/28
5479,LORQUON,ACTIVE,       10013264,2008/02/28
5481,LOWER HOMEBUSH,ACTIVE,       10013266,2008/02/28
5483,LUCKNOW,ACTIVE,       10013268,2008/02/28
5485,LYONVILLE,ACTIVE,       10013270,2008/02/28
5487,MACEDON,ACTIVE,       10013272,2008/02/28
5489,MAFEKING,ACTIVE,       10013274,2008/02/28
5493,MALDON,ACTIVE,       10013277,2008/02/28
5495,MALMSBURY,ACTIVE,       10013278,2008/02/28
5500,MANSFIELD,ACTIVE,       10013281,2008/02/28
5504,MARNOO,ACTIVE,       10013283,2008/02/28
5508,MARYBOROUGH,ACTIVE,       10013285,2008/02/28
5512,MAUDE,ACTIVE,       10013287,2008/02/28
5516,MERBEIN,ACTIVE,       10013289,2008/02/28
5520,MERINO,ACTIVE,       10013291,2008/02/28
5524,MERTON,ACTIVE,       10013293,2008/02/28
5528,MIDDLE CREEK,ACTIVE,       10013295,2008/02/28
5532,MINIMAY,ACTIVE,       10013297,2008/02/28
5535,MIRAM,ACTIVE,       10013299,2008/02/28
5539,MITTA MITTA,ACTIVE,       10013301,2008/02/28
5542,MOE,ACTIVE,       10013303,2008/02/28
5546,MONBULK,ACTIVE,       10013305,2008/02/28
5549,MOOROOPNA,ACTIVE,       10013307,2008/02/28
5553,MORTLAKE,ACTIVE,       10013309,2008/02/28
5557,MUCKATAH,ACTIVE,       10013311,2008/02/28
5560,MUNRO,ACTIVE,       10013313,2008/02/28
5564,MURRAYVILLE,ACTIVE,       10013315,2008/02/28
5567,MYRNIONG,ACTIVE,       10013317,2008/02/28
5571,NALINGA,ACTIVE,       10013319,2008/02/28
5575,NARIEL,ACTIVE,       10013321,2008/02/28
5578,NATIMUK,ACTIVE,       10013323,2008/02/28
5581,NAVARRE,ACTIVE,       10013325,2008/02/28
5585,NERRINA,ACTIVE,       10013327,2008/02/28
5589,NEWBURY,ACTIVE,       10013329,2008/02/28
5592,NEWMERELLA,ACTIVE,       10013331,2008/02/28
5599,NIRRANDA,ACTIVE,       10013334,2008/02/28
5602,NORONG,ACTIVE,       10013336,2008/02/28
5605,NOWINGI,ACTIVE,       10013338,2008/02/28
5608,NUNGURNER,ACTIVE,       10013340,2008/02/28
5612,NYAH WEST,ACTIVE,       10013342,2008/02/28
5616,OLINDA,ACTIVE,       10013344,2008/02/28
5620,OSBORNE,ACTIVE,       10013346,2008/02/28
5625,PANMURE,ACTIVE,       10013348,2008/02/28
5628,PEECHELBA,ACTIVE,       10013350,2008/02/28
5632,PHEASANT CREEK,ACTIVE,       10013352,2008/02/28
5635,PIGEON PONDS,ACTIVE,       10013354,2008/02/28
5641,PITFIELD,ACTIVE,       10013357,2008/02/28
5644,POOWONG,ACTIVE,       10013359,2008/02/28
5647,PORTARLINGTON,ACTIVE,       10013361,2008/02/28
5650,PORT FRANKLIN,ACTIVE,       10013363,2008/02/28
5656,PURA PURA,ACTIVE,       10013366,2008/02/28
5660,QUAMBATOOK,ACTIVE,       10013368,2008/02/28
5663,RAGLAN,ACTIVE,       10013370,2008/02/28
5667,RAYWOOD,ACTIVE,       10013372,2008/02/28
5670,REDESDALE,ACTIVE,       10013374,2008/02/28
5673,RHEOLA,ACTIVE,       10013376,2008/02/28
5677,ROBINVALE,ACTIVE,       10013378,2008/02/28
5680,ROKEWOOD,ACTIVE,       10013380,2008/02/28
5685,ROWSLEY,ACTIVE,       10013382,2008/02/28
5688,RUPANYUP,ACTIVE,       10013384,2008/02/28
5692,ST ARNAUD,ACTIVE,       10013386,2008/02/28
5698,SANDY POINT,ACTIVE,       10013389,2008/02/28
5702,SEACOMBE,ACTIVE,       10013391,2008/02/28
5705,SEATON,ACTIVE,       10013393,2008/02/28
5709,SERVICETON,ACTIVE,       10013395,2008/02/28
5712,SHELFORD,ACTIVE,       10013397,2008/02/28
5716,SKENES CREEK,ACTIVE,       10013399,2008/02/28
5722,SORRENTO,ACTIVE,       10013402,2008/02/28
5725,SPEED,ACTIVE,       10013404,2008/02/28
5726,SPRING HILL,ACTIVE,       10013405,2008/02/28
5731,STEIGLITZ,ACTIVE,       10013408,2008/02/28
5735,STRADBROKE,ACTIVE,       10013410,2008/02/28
5738,STRATHBOGIE,ACTIVE,       10013412,2008/02/28
5742,STUARTMILL,ACTIVE,       10013414,2008/02/28
5745,SUNNYSIDE,ACTIVE,       10013417,2008/02/28
5747,SWAN HILL,ACTIVE,       10013419,2008/02/28
5749,SWAN REACH,ACTIVE,       10013421,2008/02/28
5751,SYDENHAM,ACTIVE,       10013423,2008/02/28
5753,TAGGERTY,ACTIVE,       10013425,2008/02/28
5755,TALBOT,ACTIVE,       10013427,2008/02/28
5757,TALLANGATTA,UNMAPPED,       10013429,2008/02/28
5760,TAMBOON,ACTIVE,       10013432,2008/02/28
5762,TARADALE,ACTIVE,       10013434,2008/02/28
5764,TARKEDIA,ACTIVE,       10013436,2008/02/28
5766,TARRANGINNIE,ACTIVE,       10013438,2008/02/28
5768,TARRAYOUKYAN,ACTIVE,       10013440,2008/02/28
5770,TARWIN LOWER,ACTIVE,       10013442,2008/02/28
5773,TATURA,ACTIVE,       10013445,2008/02/28
5775,TELOPEA DOWNS,ACTIVE,       10013447,2008/02/28
5894,YAMBUK,ACTIVE,       10013566,2008/02/28
5896,YANDOIT,ACTIVE,       10013568,2008/02/28
5898,YARRAGON,ACTIVE,       10013570,2008/02/28
5900,YARRARA,ACTIVE,       10013572,2008/02/28
5902,YARTO,ACTIVE,       10013574,2008/02/28
5904,YEA,ACTIVE,       10013576,2008/02/28
5905,YELLINGBO,ACTIVE,       10013577,2008/02/28
5908,YUNGERA,ACTIVE,       10013580,2008/02/28
2007A,"ALBERTON, AT : PARISH OF ALBERTON EAST",ACTIVE,       10013582,2008/02/28
2478A,"FOOTSCRAY, CITY OF : PARISH OF CUT-PAW-PAW",ACTIVE,       10013586,2008/02/28
2541A,"ESSENDON, AT : PARISH OF DOUTTA GALLA",ACTIVE,       10013590,2008/02/28
2796C,"CLIFTON HILL, AT : CITY OF COLLINGWOOD : PARISH OF JIKA JIKA",ACTIVE,       10013595,2008/02/28
2796J,"ROYAL PARK, AT : PARISH OF JIKA JIKA",ACTIVE,       10013601,2008/02/28
3084B,"PORT MELBOURNE, CITY OF : PARISH OF MELBOURNE SOUTH",ACTIVE,       10013605,2008/02/28
3186A,"MORDIALLOC, CITY OF : PARISH OF MORDIALLOC",ACTIVE,       10013610,2008/02/28
3389A,"COWES, AT : PARISH OF PHILLIP ISLAND",ACTIVE,       10013614,2008/02/28
3416E,"GARDINER, AT : PARISH OF PRAHRAN",ACTIVE,       10013619,2008/02/28
3730A,"ROSEBUD, AT : PARISH OF WANNAEUE",ACTIVE,       10013622,2008/02/28
5124,BUFFALO,ACTIVE,       10013626,2008/02/28
5128,BULLUMWAAL,ACTIVE,       10013628,2008/02/28
5135,BUNYIP,ACTIVE,       10013631,2008/02/28
5137,BURREREO,ACTIVE,       10013632,2008/02/28
5144,CAMBRIAN HILL,ACTIVE,       10013635,2008/02/28
5149,CAPE CLEAR,ACTIVE,       10013637,2008/02/28
5154,CARISBROOK,ACTIVE,       10013639,2008/02/28
5158,CARRAJUNG,ACTIVE,       10013641,2008/02/28
5165,CAVENDISH,ACTIVE,       10013644,2008/02/28
5169,CHEROKEE,ACTIVE,       10013646,2008/02/28
5174,CHINKAPOOK,ACTIVE,       10013648,2008/02/28
5178,CLUNES,ACTIVE,       10013650,2008/02/28
5182,COBURG,ACTIVE,       10013652,2008/02/28
5186,COLAC,ACTIVE,       10013654,2008/02/28
5190,CONGUPNA ROAD,ACTIVE,       10013656,2008/02/28
5196,CORA LYNN,ACTIVE,       10013658,2008/02/28
5201,COSTERFIELD,ACTIVE,       10013660,2008/02/28
5207,CRANBOURNE,ACTIVE,       10013663,2008/02/28
5212,CRIB POINT,ACTIVE,       10013665,2008/02/28
5216,CULGOA,ACTIVE,       10013667,2008/02/28
5221,DANDENONG,ACTIVE,       10013669,2008/02/28
5225,DARLINGFORD,UNMAPPED,       10013671,2008/02/28
5229,DARTMOOR,ACTIVE,       10013673,2008/02/28
5236,DEPTFORD,ACTIVE,       10013676,2008/02/28
5240,DEVENISH WEST,ACTIVE,       10013678,2008/02/28
5245,DIMBOOLA,ACTIVE,       10013680,2008/02/28
5249,DOUGLAS,ACTIVE,       10013682,2008/02/28
5253,DRY DIGGINGS,ACTIVE,       10013684,2008/02/28
5258,DURHAM,ACTIVE,       10013686,2008/02/28
5262,EAST MURCHISON,ACTIVE,       10013688,2008/02/28
5269,EILYAR,ACTIVE,       10013691,2008/02/28
5273,ELINGAMITE NORTH,ACTIVE,       10013693,2008/02/28
5278,ELPHINSTONE,ACTIVE,       10013695,2008/02/28
5284,EPSOM,ACTIVE,       10013698,2008/02/28
5288,EVANSFORD,ACTIVE,       10013700,2008/02/28
5292,FLINDERS,ACTIVE,       10013702,2008/02/28
5298,FOXHOW,ACTIVE,       10013704,2008/02/28
5303,FRYERSTOWN,ACTIVE,       10013706,2008/02/28
5307,GARFIELD,ACTIVE,       10013708,2008/02/28
5311,GEELONG (CITY),ACTIVE,       10013710,2008/02/28
5319,GIRGARRE,ACTIVE,       10013713,2008/02/28
5323,GLENGOWER,ACTIVE,       10013715,2008/02/28
5328,GLENTHOMPSON,ACTIVE,       10013717,2008/02/28
5333,GOON NURE,ACTIVE,       10013719,2008/02/28
5338,GORMANDALE,ACTIVE,       10013721,2008/02/28
5342,GOWAR,ACTIVE,       10013723,2008/02/28
5346,GRANT,ACTIVE,       10013725,2008/02/28
5349,GRANYA,ACTIVE,       10013727,2008/02/28
5354,GREENS CREEK,ACTIVE,       10013729,2008/02/28
5359,GUILDFORD,ACTIVE,       10013731,2008/02/28
5366,HARCOURT,ACTIVE,       10013734,2008/02/28
5370,HATTAH,ACTIVE,       10013736,2008/02/28
5494,MALLACOOTA,ACTIVE,       10013738,2008/02/28
5499,MANORINA,ACTIVE,       10013740,2008/02/28
5503,MARLO,ACTIVE,       10013742,2008/02/28
5507,MARUNGI,ACTIVE,       10013744,2008/02/28
5511,MATLOCK,ACTIVE,       10013746,2008/02/28
5515,MELTON,ACTIVE,       10013748,2008/02/28
5519,MERINGUR,ACTIVE,       10013750,2008/02/28
5523,MERRINEE,ACTIVE,       10013752,2008/02/28
5527,MIA MIA,ACTIVE,       10013754,2008/02/28
5531,MINERS REST,ACTIVE,       10013756,2008/02/28
5536,MIRBOO,ACTIVE,       10013758,2008/02/28
5541,MODEWARRE,ACTIVE,       10013760,2008/02/28
5545,MOLYULLAH,ACTIVE,       10013762,2008/02/28
5550,MORKALLA,ACTIVE,       10013764,2008/02/28
5554,MORWELL,ACTIVE,       10013766,2008/02/28
5558,MUDGEEGONGA,ACTIVE,       10013768,2008/02/28
5566,MURTOA,ACTIVE,       10013771,2008/02/28
5570,NAGAMBIE,ACTIVE,       10013773,2008/02/28
5574,NARBETHONG,ACTIVE,       10013775,2008/02/28
5579,NATTE YALLOCK,ACTIVE,       10013777,2008/02/28
5583,NEILBOROUGH,ACTIVE,       10013779,2008/02/28
5590,NEWHAVEN,ACTIVE,       10013782,2008/02/28
5594,NEWSTEAD,ACTIVE,       10013784,2008/02/28
5598,NINYEUNOOK,ACTIVE,       10013786,2008/02/28
5603,NORTHCOTE (ADJ CITY OF),ACTIVE,       10013788,2008/02/28
5611,NYAH,ACTIVE,       10013791,2008/02/28
5615,OLD LONGWOOD,ACTIVE,       10013793,2008/02/28
5619,ORFORD,ACTIVE,       10013795,2008/02/28
5622,OXLEY,ACTIVE,       10013797,2008/02/28
5626,PANTON HILL,ACTIVE,       10013799,2008/02/28
5631,PETERBOROUGH,ACTIVE,       10013801,2008/02/28
5638,PIRIES,ACTIVE,       10013804,2008/02/28
5643,POLLARD,ACTIVE,       10013806,2008/02/28
5648,PORT CAMPBELL,ACTIVE,       10013808,2008/02/28
5653,POWELLTOWN,ACTIVE,       10013810,2008/02/28
5657,PURDEET,ACTIVE,       10013812,2008/02/28
5662,QUEENSTOWN,ACTIVE,       10013814,2008/02/28
5669,REDCASTLE,ACTIVE,       10013817,2008/02/28
5674,RHYLL,ACTIVE,       10013819,2008/02/28
5678,ROCHESTER,ACTIVE,       10013821,2008/02/28
5682,ROSEBUD,ACTIVE,       10013823,2008/02/28
5687,RUNNYMEDE,ACTIVE,       10013825,2008/02/28
5691,RYE,ACTIVE,       10013827,2008/02/28
5695,SALE,ACTIVE,       10013829,2008/02/28
5697,SANDFORD,ACTIVE,       10013830,2008/02/28
5701,SCOTTS CREEK,ACTIVE,       10013832,2008/02/28
5708,SERPENTINE,ACTIVE,       10013835,2008/02/28
5713,SHEPPARTON,ACTIVE,       10013837,2008/02/28
5717,SKIPTON,ACTIVE,       10013839,2008/02/28
5721,SMYTHESDALE,ACTIVE,       10013841,2008/02/28
5727,SPRINGHURST,ACTIVE,       10013843,2008/02/28
5734,STONY CREEK,ACTIVE,       10013846,2008/02/28
5739,STRATH CREEK,ACTIVE,       10013848,2008/02/28
5116,BROOKVILLE,RESCINDED,       10013850,2008/02/28
5514C,"CITY OF MELBOURNE, PARISH OF MELBOURNE NORTH",ACTIVE,       10013853,2008/02/28
5457,LEARMONTH,ACTIVE,       10013242,2008/02/28
5475,LONGFORD,ACTIVE,       10013260,2008/02/28
5490,MAFFRA,ACTIVE,       10013275,2008/02/28
5518,MERINGO,ACTIVE,       10013290,2008/02/28
5547,MOONAMBEL,ACTIVE,       10013306,2008/02/28
5576,NARRAWONG,ACTIVE,       10013322,2008/02/28
5606,NULLAWIL,ACTIVE,       10013339,2008/02/28
5637,PIRA,ACTIVE,       10013355,2008/02/28
5658,PYALONG,ACTIVE,       10013367,2008/02/28
5686,RUFFY,ACTIVE,       10013383,2008/02/28
5714,SHIRLEY,ACTIVE,       10013398,2008/02/28
5740,STRATHFIELDSAYE,ACTIVE,       10013413,2008/02/28
5759,TALLAROOK,ACTIVE,       10013431,2008/02/28
5774,TEESDALE,ACTIVE,       10013446,2008/02/28
5784,TIMOR,ACTIVE,       10013456,2008/02/28
5791,TOOLERN VALE,ACTIVE,       10013463,2008/02/28
5800,TRAFALGAR,ACTIVE,       10013472,2008/02/28
5809,TYLDEN,ACTIVE,       10013481,2008/02/28
5588,NEWBRIDGE,ACTIVE,       10013781,2008/02/28
5624,PANITYA,ACTIVE,       10013798,2008/02/28
5659,PYRAMID HILL,ACTIVE,       10013813,2008/02/28
5699,SAN REMO,ACTIVE,       10013831,2008/02/28
5732,STIRLING,ACTIVE,       10013845,2008/02/28
5136,BURKES FLAT,ACTIVE,       10013026,2008/02/28
5170,CHESHUNT,ACTIVE,       10013045,2008/02/28
5200,CORRYONG,ACTIVE,       10013062,2008/02/28
5230,DARTMOUTH,ACTIVE,       10013078,2008/02/28
5263,ECHUCA,ACTIVE,       10013096,2008/02/28
5289,EVERTON,ACTIVE,       10013110,2008/02/28
5318,GIPSY POINT,ACTIVE,       10013127,2008/02/28
5353,GREEN GULLY,ACTIVE,       10013146,2008/02/28
5381,HINNO-MUNJIE,ACTIVE,       10013166,2008/02/28
5403,KANGAROO FLAT,ACTIVE,       10013188,2008/02/28
5421,KINGLAKE CENTRAL,ACTIVE,       10013206,2008/02/28
5445,LAKE CHARM,ACTIVE,       10013230,2008/02/28
